{
    "KPlugin": {
        "Authors": [
            {
                "Name": "zayronxio"
            }
        ],
        "Name": "CircleClock",
        "Id": "CircleClock",
        "Description": "Plasmoid showing current date and clock",
        "Category": "Utilities",
        "Icon": "clock",
        "EnabledByDefault": true,
        "License": "GPL-3.0+",
        "ServiceTypes": [
            "Plasma/Applet"
        ],
        "Version": "2.1",
        "Website": "https://store.kde.org/p/2136299"
    },
    "X-Plasma-API-Minimum-Version": "6.0",
    "X-Plasma-MainScript": "ui/main.qml"
}
