{
    "KPlugin": {
        "Authors": [
            {
                "Name": "zayronxio"
            }
        ],
        "Name": "Soniq Widget",
        "Id": "Soniq.Widget",
        "Description": "widget to display the time, current day, current temperature, and chance of rain",
        "Category": "Utilities",
        "Icon": "clock",
        "EnabledByDefault": true,
        "License": "GPL-3.0+",
        "ServiceTypes": [
            "Plasma/Applet"
        ],
        "Version": "0.5",
        "Website": ""
    },
    "X-Plasma-API-Minimum-Version": "6.0",
    "X-Plasma-MainScript": "ui/main.qml"
}
