<?xml version="1.0" encoding="UTF-8"?>
<kcfg xmlns="http://www.kde.org/standards/kcfg/1.0"
      xmlns:xsi="http://www.w3.org/2001/XMLSchema-instance"
      xsi:schemaLocation="http://www.kde.org/standards/kcfg/1.0
      http://www.kde.org/standards/kcfg/1.0/kcfg.xsd" >
  <kcfgfile name=""/>

  <group name="General">
      <entry name="frecuencyUpdates" type="Int">
          <default>80</default>
      </entry>
      <entry name="customColorEnable" type="string">
          <default>true</default>
      </entry>
      <entry name="customColorCodeRGB" type="string">
          <default>#ffffff</default>
      </entry>
    </group>
</kcfg>
