{
    "KPlugin": {
        "Authors": [
            {
                "Name": "zayronxio"
            }
        ],
        "Name": "Music Waves",
        "Id": "Music.Waves",
        "Description": "widget to display audio track information along with audio bars representing the volume",
        "Category": "Utilities",
        "Icon": "music-player",
        "EnabledByDefault": true,
        "License": "GPL-3.0+",
        "ServiceTypes": [
            "Plasma/Applet"
        ],
        "Version": "0.1",
        "Website": ""
    },
    "X-Plasma-API-Minimum-Version": "6.0",
    "X-Plasma-MainScript": "ui/main.qml"
}
