<?xml version="1.0" encoding="UTF-8"?>
<kcfg xmlns="http://www.kde.org/standards/kcfg/1.0"
      xmlns:xsi="http://www.w3.org/2001/XMLSchema-instance"
      xsi:schemaLocation="http://www.kde.org/standards/kcfg/1.0
      http://www.kde.org/standards/kcfg/1.0/kcfg.xsd" >
  <kcfgfile name=""/>
  <group name="">
    <entry name="handleFullscreen" type="bool">
      <default>true</default>
    </entry>
    <entry name="handleMaximized" type="bool">
      <default>true</default>
    </entry>
    <entry name="moveToLast" type="bool">
      <default>false</default>
    </entry>
    <entry name="SkipWindows" type="string">
      <default>lattedock, latte-dock, org.kde.spectacle</default>
    </entry>
  </group>

</kcfg>
