<?xml version="1.0" encoding="UTF-8"?>
<kcfg xmlns="http://www.kde.org/standards/kcfg/1.0"
      xmlns:xsi="http://www.w3.org/2001/XMLSchema-instance"
      xsi:schemaLocation="http://www.kde.org/standards/kcfg/1.0
      http://www.kde.org/standards/kcfg/1.0/kcfg.xsd" >
    <kcfgfile name=""/>

    <group name="Appearance">
        <entry name="widgetMargins" type="Int">
            <default>1</default>
        </entry>
        <entry name="widgetButtonsIconsTheme" type="Enum">
            <choices>
                <choice name="Plasma" />
                <choice name="Breeze" />
                <choice name="Aurorae" />
                <choice name="Oxygen" />
            </choices>
            <default>0</default>
        </entry>
        <entry name="widgetButtonsAuroraeTheme" type="String">
            <default></default>
        </entry>
        <entry name="widgetButtonsMargins" type="Int">
            <default>0</default>
        </entry>
        <entry name="widgetButtonsAspectRatio" type="Int">
            <default>100</default>
        </entry>
        <entry name="widgetButtonsAnimation" type="Int">
            <default>100</default>
        </entry>
        <entry name="widgetSpacing" type="Int">
            <default>0</default>
        </entry>
        <entry name="widgetHorizontalAlignment" type="Int">
            <default>1</default>
        </entry>
        <entry name="widgetVerticalAlignment" type="Int">
            <default>128</default>
        </entry>
        <entry name="widgetFillWidth" type="Bool">
            <default>false</default>
        </entry>
        <entry name="widgetElementsDisabledMode" type="Enum">
            <choices>
                <choice name="Deactivated" />
                <choice name="HideKeepSpace" />
                <choice name="Hide" />
            </choices>
            <default>0</default>
        </entry>
        <entry name="widgetElements" type="StringList">
            <default>windowCloseButton,windowMaximizeButton,windowMinimizeButton,windowIcon,windowTitle</default>
        </entry>
        
        <entry name="overrideElementsMaximized" type="Bool">
            <default>false</default>
        </entry>
        <entry name="widgetElementsMaximized" type="StringList">
            <default>windowCloseButton,windowMaximizeButton,windowMinimizeButton,windowIcon,windowTitle</default>
        </entry>
        <entry name="windowTitleSourceMaximized" type="Enum">
            <choices>
                <choice name="AppName" />
                <choice name="Decoration" />
                <choice name="GenericAppName" />
                <choice name="AlwaysUndefined" />
            </choices>
            <default>2</default>
        </entry>

        <entry name="windowTitleMinimumWidth" type="Int">
            <default>0</default>
        </entry>
        <entry name="windowTitleMaximumWidth" type="Int">
            <default>640</default>
        </entry>
        <entry name="windowTitleFontSize" type="Int">
            <default>11</default>
        </entry>
        <entry name="windowTitleFontSizeMode" type="Enum">
            <choices>
                <choice name="FixedSize" />
                <choice name="HorizontalFit" />
                <choice name="VerticalFit" />
                <choice name="Fit" />
            </choices>
            <default>0</default>
        </entry>
        <entry name="windowTitleFontBold" type="Bool">
            <default>true</default>
        </entry>
        <entry name="windowTitleSource" type="Enum">
            <choices>
                <choice name="AppName" />
                <choice name="Decoration" />
                <choice name="GenericAppName" />
                <choice name="AlwaysUndefined" />
            </choices>
            <default>2</default>
        </entry>
        <entry name="windowTitleHorizontalAlignment" type="Enum">
            <choices>
                <choice name="Left" />
                <choice name="Right" />
                <choice name="Center" />
                <choice name="Justify" />
            </choices>
            <default>0</default>
        </entry>
        <entry name="windowTitleVerticalAlignment" type="Enum">
            <choices>
                <choice name="Top" />
                <choice name="Bottom" />
                <choice name="Center" />
            </choices>
            <default>2</default>
        </entry>
        <entry name="windowTitleHideEmpty" type="Bool">
            <default>false</default>
        </entry>
        <entry name="windowTitleUndefined" type="String">
            <default>&lt;Unknown&gt;</default>
        </entry>
        <entry name="windowTitleMarginsLeft" type="Int">
            <default>10</default>
        </entry>
        <entry name="windowTitleMarginsTop" type="Int">
            <default>0</default>
        </entry>
        <entry name="windowTitleMarginsBottom" type="Int">
            <default>0</default>
        </entry>
        <entry name="windowTitleMarginsRight" type="Int">
            <default>10</default>
        </entry>
    </group>

    <group name="Behavior">
        <entry name="widgetActiveTaskSource" type="Enum">
            <choices>
                <choice name="ActiveTask" />
                <choice name="LastActiveTask" />
                <choice name="LastActiveMaximized" />
            </choices>
            <default>0</default>
        </entry>
        <entry name="widgetActiveTaskFilterByActivity" type="Bool">
            <default>true</default>
        </entry>
        <entry name="widgetActiveTaskFilterByScreen" type="Bool">
            <default>true</default>
        </entry>
        <entry name="widgetActiveTaskFilterByVirtualDesktop" type="Bool">
            <default>true</default>
        </entry>
        <entry name="widgetActiveTaskFilterNotMaximized" type="Bool">
            <default>false</default>
        </entry>
        <entry name="disableButtonsForNotHoveredWidget" type="Bool">
            <default>false</default>
        </entry>

        <entry name="windowTitleDragEnabled" type="Bool">
            <default>true</default>
        </entry>
        <entry name="windowTitleDragOnlyMaximized" type="Bool">
            <default>true</default>
        </entry>
        <entry name="windowTitleDragThreshold" type="Int">
            <default>10</default>
        </entry>

        <entry name="widgetMouseAreaClickEnabled" type="Bool">
            <default>true</default>
        </entry>
        <entry name="widgetMouseAreaWheelEnabled" type="Bool">
            <default>true</default>
        </entry>

        <entry name="widgetMouseAreaLeftDragAction" type="String">
            <default>Window Move</default>
        </entry>
        <entry name="widgetMouseAreaLeftClickAction" type="String">
            <default></default>
        </entry>
        <entry name="widgetMouseAreaLeftDoubleClickAction" type="String">
            <default>Window Maximize</default>
        </entry>
        <entry name="widgetMouseAreaLeftLongPressAction" type="String">
            <default></default>
        </entry>
        
        <entry name="widgetMouseAreaMiddleDragAction" type="String">
            <default></default>
        </entry>
        <entry name="widgetMouseAreaMiddleClickAction" type="String">
            <default>Window Close</default>
        </entry>
        <entry name="widgetMouseAreaMiddleDoubleClickAction" type="String">
            <default></default>
        </entry>
        <entry name="widgetMouseAreaMiddleLongPressAction" type="String">
            <default></default>
        </entry>

        <entry name="widgetMouseAreaWheelFirstEventDistance" type="Int">
            <default>120</default>
        </entry>
        <entry name="widgetMouseAreaWheelNextEventDistance" type="Int">
            <default>0</default>
        </entry>
        <entry name="widgetMouseAreaWheelUpAction" type="String">
            <default>Window Maximize</default>
        </entry>
        <entry name="widgetMouseAreaWheelDownAction" type="String">
            <default>Window Minimize</default>
        </entry>
        <entry name="widgetMouseAreaWheelLeftAction" type="String">
            <default></default>
        </entry>
        <entry name="widgetMouseAreaWheelRightAction" type="String">
            <default></default>
        </entry>
    </group>

    <group name="TitleReplacements">
        <entry name="titleReplacementsPatterns" type="StringList">
        </entry>
        <entry name="titleReplacementsTemplates" type="StringList">
        </entry>
        <entry name="titleReplacementsTypes" type="IntList">
        </entry>
    </group>
</kcfg>