<?xml version="1.0" encoding="UTF-8"?>
<kcfg xmlns="http://www.kde.org/standards/kcfg/1.0" xmlns:xsi="http://www.w3.org/2001/XMLSchema-instance" xsi:schemaLocation="http://www.kde.org/standards/kcfg/1.0 http://www.kde.org/standards/kcfg/1.0/kcfg.xsd">
    <kcfgfile name=""/>

    <group name="General">
        <entry name="panelIcon" type="String">
            <default>view-media-track</default>
        </entry>
        <entry name="useAlbumCoverAsPanelIcon" type="Bool">
            <default>false</default>
        </entry>
        <entry name="fallbackToIconWhenArtNotAvailable" type="Bool">
            <default>false</default>
        </entry>
        <entry name="albumCoverRadius" type="Int">
            <default>8</default>
        </entry>
        <entry name="sourceIndex" type="string">
            <default>0</default>
        </entry>
        <entry name="sources" type="StringList">
            <default>any,spotify,vlc</default>
        </entry>
        <entry name="maxSongWidthInPanel" type="String">
            <default>200</default>
        </entry>
        <entry name="commandsInPanel" type="Bool">
            <default>true</default>
        </entry>
        <entry name="textScrollingSpeed" type="Int">
            <default>3</default>
        </entry>
        <entry name="separateText" type="Bool">
            <default>false</default>
        </entry>
        <entry name="textScrollingBehaviour" type="Int">
            <default>0</default>
        </entry>
        <entry name="useCustomFont" type="Bool">
            <default>false</default>
        </entry>
        <entry name="customFont" type="Font">
            <default></default>
        </entry>
        <entry name="textScrollingEnabled" type="Bool">
            <default>true</default>
        </entry>
        <entry name="textScrollingResetOnPause" type="Bool">
            <default>false</default>
        </entry>
        <entry name="volumeStep" type="Int">
            <default>5</default>
        </entry>
        <entry name="desktopWidgetBg" type="Int">
            <default>1</default>
        </entry>
    </group>
</kcfg>
