{
    "KPackageStructure": "KWin/Effect",
    "KPlugin": {
        "Authors": [
            {
                "Email": "vlad.zahorodnii@kde.org",
                "Name": "Vlad Zahorodnii"
            }
        ],
        "Category": "Window Open/Close Animation",
        "Description": "Make windows smoothly scale in and out when they are shown or hidden",
        "Description[ar]": "اجعل النوافذ تكبر وتصغر بنعومة عند إظهاراها وإخفائها",
        "Description[be]": "Плаўнае павелічэнне або памяншэнне акон пры з'яўленні або знікненні",
        "Description[bg]": "Плавно увеличаване и намаляване на мащаба на прозорците при показване или скриване",
        "Description[ca@valencia]": "Fa que les finestres entren o isquen volant quan es mostren o s'oculten",
        "Description[ca]": "Fa que les finestres entrin o surtin volant quan es mostren o s'oculten",
        "Description[cs]": "Nechá okna plynule zvětšit/zmenšit se, pokud jsou zobrazeny resp. skryty",
        "Description[de]": "Vergrößert und verkleinert Fenster sanft beim Ein- oder Ausblenden",
        "Description[en_GB]": "Make windows smoothly scale in and out when they are shown or hidden",
        "Description[eo]": "Fari fenestrojn glate grimpi en kaj eksteren kiam ili estas montritaj aŭ kaŝitaj",
        "Description[es]": "Hacer que las ventanas se escalen suavemente al mostrarlas y al ocultarlas",
        "Description[et]": "Skaleerib aknaid sujuvalt, kui need peidetakse või nähtavale tuuakse",
        "Description[eu]": "Leihoak emeki barrura eta kanpora eskalatu haiek erakutsi edo ezkutatzean",
        "Description[fi]": "Skaalaa ponnahdusikkunat pehmeästi näytölle tai näytöltä",
        "Description[fr]": "Faire un re-dimensionnement en avant ou en arrière des fenêtres lorsqu'elles sont affichées ou masquées",
        "Description[gl]": "Facer que as xanelas crezan ou decrezan suavemente cando se mostran ou agochan.",
        "Description[he]": "הפיכת הגדלת והקטנת קנה מידה של חלונות כשהם מוצגים או מוסתרים",
        "Description[hu]": "Az ablakok folyamatosan méretezett módon lesznek elrejtve és megjelenítve",
        "Description[ia]": "Face que fenestras pote dulcemente scalar intra e foras quando illos es monstrate o celate",
        "Description[is]": "Láta glugga stækka og minnka inn og út mjúklega þegar þeir eru birtir eða faldir",
        "Description[it]": "Ridimensiona le finestre dolcemente quando sono mostrate o nascoste",
        "Description[ja]": "ウィンドウが表示/非表示時スムーズに拡大/縮小します",
        "Description[ka]": "ფანჯრების რბილად გადიდება/დაპატარავება მათი ჩვენება/დამალვისას",
        "Description[ko]": "창이 보여지거나 감춰질 때 부드러운 크기 조정을 사용합니다",
        "Description[lt]": "Padaryti, kad langai glotniai keistų dydį, kai yra rodomi ar slepiami",
        "Description[nl]": "Laat vensters vloeiend kleiner en groter schalen als ze worden getoond of verborgen",
        "Description[nn]": "Skaler vindauge jamt inn og ut når dei vert viste eller gøymde",
        "Description[pl]": "Okna gładko pomniejszają się przy otwieraniu i powiększają przy zamykaniu",
        "Description[pt]": "Faz com que as janelas mudem suavemente de tamanho quando aparecem ou desaparecem",
        "Description[ro]": "Face ferestrele să se scaleze lin când sunt arătate sau ascunse",
        "Description[ru]": "Плавное увеличение или уменьшение окон при их появлении и скрытии",
        "Description[sk]": "Plynulé zväčšovanie a zmenšovanie okien pri ich zobrazení alebo skrytí",
        "Description[sl]": "Okna naj gladko spreminjajo velikost (navzven in navznoter), ko se prikažejo ali skrijejo",
        "Description[ta]": "சாளரங்களை காட்டும்போதும் மறைக்கும்போதும் அவற்றின் அளவை படிப்படியாக மாற்றுவதுபோல் அசைவூட்டும்",
        "Description[tr]": "Pencereler gösterilirken veya gizlenirken pürüzsüzce ölçeklendirilmelerini sağlar",
        "Description[uk]": "Плавне масштабування вікон при появі або приховуванні",
        "Description[vi]": "Làm cửa sổ đổi cỡ một cách êm dịu khi chúng hiện ra và biến mất",
        "Description[x-test]": "xxMake windows smoothly scale in and out when they are shown or hiddenxx",
        "Description[zh_CN]": "窗口显示/隐藏时呈现平滑缩放过渡动效",
        "Description[zh_TW]": "讓視窗在顯示或隱藏的時候平滑地以比例縮放方式出現或消失",
        "EnabledByDefault": false,
        "Icon": "preferences-system-windows-effect-scale",
        "Id": "kinetic_scale",
        "License": "GPL",
        "Name": "Scale (Kinetic)",
        "Name[ar]": "حجّم (Kinetic)",
        "Name[be]": "Маштабаванне (Kinetic)",
        "Name[bg]": "Мащабиране (Kinetic)",
        "Name[ca@valencia]": "Escala (Kinetic)",
        "Name[ca]": "Escala (Kinetic)",
        "Name[cs]": "Měřítko (Kinetic)",
        "Name[de]": "Skalieren (Kinetic)",
        "Name[en_GB]": "Scale (Kinetic)",
        "Name[eo]": "Skalo (Kinetic)",
        "Name[es]": "Escalar (Kinetic)",
        "Name[et]": "Skaleerimine (Kinetic)",
        "Name[eu]": "Eskalatu (Kinetic)",
        "Name[fi]": "Skaalaus (Kinetic)",
        "Name[fr]": "Échelle (Kinetic)",
        "Name[gl]": "Escala (Kinetic)",
        "Name[he]": "קנה מידה (Kinetic)",
        "Name[hu]": "Méretezés (Kinetic)",
        "Name[ia]": "Scala (Kinetic)",
        "Name[is]": "Kvarði (Kinetic)",
        "Name[it]": "Scala (Kinetic)",
        "Name[ja]": "スケール (Kinetic)",
        "Name[ka]": "მასშტაბირება (Kinetic)",
        "Name[ko]": "크기 조정 (Kinetic)",
        "Name[lt]": "Mastelis (Kinetic)",
        "Name[nl]": "Schaal (Kinetic)",
        "Name[nn]": "Skalering (Kinetic)",
        "Name[pl]": "Skalowanie (Kinetic)",
        "Name[pt]": "Escala (Kinetic)",
        "Name[pt_BR]": "Escala (Kinetic)",
        "Name[ro]": "Scalare (Kinetic)",
        "Name[ru]": "Масштабирование (Kinetic)",
        "Name[sk]": "Meniť mierku (Kinetic)",
        "Name[sl]": "Spremeni velikost (Kinetic)",
        "Name[ta]": "அளவுமாற்று (Kinetic)",
        "Name[tr]": "Ölçeklendir (Kinetic)",
        "Name[uk]": "Масштабування (Kinetic)",
        "Name[vi]": "Đổi cỡ (Kinetic)",
        "Name[x-test]": "xxScalexx (Kinetic)",
        "Name[zh_CN]": "按比例缩放 (Kinetic)",
        "Name[zh_TW]": " (Kinetic)縮放"
    },
    "X-KDE-ConfigModule": "kcm_kwin4_genericscripted",
    "X-KDE-Ordering": 60,
    "X-KWin-Config-TranslationDomain": "kinetic",
    "X-KWin-Exclusive-Category": "toplevel-open-close-animation",
    "X-Plasma-API": "javascript"


}
