{
    "KPackageStructure": "Plasma/Applet",
    "KPlugin": {
        "Authors": [
            {
                "Email": "cmpopp2@gmail.com",
                "Name": "Connor Popp"
            }
        ],
        "Category": "Application Launchers",
        "Description": "A fullscreen customizable launcher with application directories and krunner-like search",
        "Description[ru]": "Полноэкранный настраиваемый лаунчер с директориями програм и поиском в стиле KRunner",
        "Description[uk]": "Повноекранний налаштовуваний лаунчер з теками програм та пошуком у стилі KRunner",
        "Icon": "start-here-kde",
        "Id": "p-connor.plasma-drawer",
        "Name": "Plasma Drawer",
        "Name[ru]": "Plasma Drawer",
        "Name[uk]": "Plasma Drawer",
        "Version": "1.4",
        "Website": "https://github.com/p-connor/plasma-drawer"
    },
    "X-Plasma-API-Minimum-Version": "6.0",
    "X-Plasma-Provides": "org.kde.plasma.launchermenu"
}
