{
    "KPackageStructure": "aurorae",
    "KPlugin": {
        "Authors": [
            {
                "Email": "vinceliuice@hotmail.com",
                "Name": "Vince Liuice"
            }
        ],
        "Category": "Plasma 6 Window Decorations",
        "ServiceTypes": [
            "aurorae"
        ],
        "EnabledByDefault": true,
        "Name": "MacSequoia-Light",
        "Description" : "MacSequoia-Light window decorations",
        "Id": "MacSequoia-Light",
        "Version": "1.0",
        "License": "GPL_V3",
        "X-KDE-PluginInfo-blur": false,
        "X-KPackage-Dependencies": [
        ]
    }
}

