{
    "KPlugin": {
        "Authors": [
            {
                "Email": "",
                "Name": "Sebastian Kügler, Kirikaze Chiyuki, Alexey Varfolomeev"
            }
        ],
        "Category": "Multimedia",
        "Description": "Convenient media controll",
        "Description[ru]": "Удобное управление плеером",
        "Icon": "applications-multimedia",
        "Id": "org.kde.plasma.mediacontroller.panel",
        "License": "GPL-2.0+ & GPLv3",
        "Name": "Media Controller for Panel",
        "Name[ru]": "Управление плеером для панели",
        "Version": "0.1",
        "Website": "https://github.com"
    },
    "X-Plasma-API-Minimum-Version": "6.0",
    "X-Plasma-NotificationAreaCategory": "SystemServices",
    "KPackageStructure": "Plasma/Applet"
}
