<?xml version="1.0" encoding="UTF-8"?>
<kcfg xmlns="http://www.kde.org/standards/kcfg/1.0"
      xmlns:xsi="http://www.w3.org/2001/XMLSchema-instance"
      xsi:schemaLocation="http://www.kde.org/standards/kcfg/1.0
      http://www.kde.org/standards/kcfg/1.0/kcfg.xsd" >
  <kcfgfile name=""/>

  <group name="General">
	<entry name="useCoordinatesIp" type="bool">
            <default>true</default>
        </entry>
    <entry name="latitudeC" type="string">
		<default>0</default>
	</entry>
    <entry name="longitudeC" type="string">
		<default>0</default>
	</entry>
     <entry name="temperatureUnit" type="int">
		<default>0</default>
	</entry>
     <entry name="sizeFontConfig" type="int">
		<default>11</default>
	</entry>
    <entry name="boldfonts" type="bool">
		<default>false</default>
	</entry>
    <entry name="textweather" type="bool">
      <default>true</default>
      </entry>
  </group>

</kcfg>
