{
    "KPackageStructure": "Plasma/Applet",
    "KPlugin": {
        "Authors": [
            {
                "Email": "dhruv8sh@proton.me",
                "Name": "Dhruvesh Surolia"
            }
        ],
        "Category": "Windows and Tasks",
        "Description": "Shows the application title and icon of the active window",
        "Icon": "preferences-desktop",
        "Id": "org.kde.windowtitle",
        "License": "GPLv2",
        "Name": "Window Title",
        "Version": "0.9.0",
        "Website": "https://github.com/dhruv8sh/plasma6-window-title-applet"
    },
    "Keyword": "window title icon",
    "X-Plasma-API-Minimum-Version": "6.0"
}
