<?xml version="1.0" encoding="UTF-8"?>
<kcfg xmlns="http://www.kde.org/standards/kcfg/1.0"
    xmlns:xsi="http://www.w3.org/2001/XMLSchema-instance"
    xsi:schemaLocation="http://www.kde.org/standards/kcfg/1.0
     http://www.kde.org/standards/kcfg/1.0/kcfg.xsd" >
    <kcfgfile name=""/>

    <group name="Appearance">
        <entry name="firstSpace"    type="Int"><default>0</default></entry>
        <entry name="midSpace"      type="Int"><default>0</default></entry>
        <entry name="lastSpace"     type="Int"><default>0</default></entry>
        <entry name="lengthKind"    type="Int"><default>0</default></entry>
        <entry name="fontSize"      type="Int"><default>12</default></entry>
        <entry name="iconSize"      type="Int"><default>24</default></entry>
        <entry name="fixedLength"   type="Int"><default>400</default></entry>
        <entry name="customSize"    type="Int"><default>24</default></entry>
        <entry name="elidePos"      type="Int"><default>3</default></entry>
        <entry name="txt"           type="String"><default>%a - %w</default></entry>
        <entry name="altTxt"        type="String"><default>%q</default></entry>
        <entry name="txtSameFound"  type="String"><default>%a</default></entry>
        <entry name="customIcon"    type="String"><default>kde-symbolic</default></entry>
        <entry name="isBold"        type="Bool"><default>false</default></entry>
        <entry name="isItalic"      type="Bool"><default>false</default></entry>
        <entry name="isCaps"        type="Bool"><default>false</default></entry>
        <entry name="visible"       type="Bool"><default>true</default></entry>
        <entry name="fillThickness" type="Bool"><default>false</default></entry>
        <entry name="noIcon"        type="Bool"><default>false</default></entry>
        <entry name="activityIcon"  type="Bool"><default>true</default></entry>
        </group>
    <group name="Behavior">
        <entry name="filterByScreen"    type="Bool"><default>false</default></entry>
        <entry name="filterByMaximized" type="Bool"><default>false</default></entry>
        <entry name="showTooltip"       type="Bool"><default>true</default></entry>
        <entry name="maxminAllowed"     type="Bool"><default>true</default></entry>
        <entry name="closeAllowed"      type="Bool"><default>true</default></entry>
        <entry name="scrollAllowed"     type="Bool"><default>true</default></entry>
        </group>

    <group name="Substitutions">
        <entry name="subsMatchApp"      type="StringList"><default>"Telegram Desktop","Gimp-.*","soffice.bin","Spotify.*","Kate.*"</default></entry>
        <entry name="subsMatchTitle"    type="StringList"><default>".*",".*",".*",".*",".*"</default></entry>
        <entry name="subsReplace"       type="StringList"><default>"Telegram","Gimp","LibreOffice","Spotify","Kate : %w"</default></entry>
        </group>
    </kcfg>

