{
    "KPackageStructure": "KWin/Effect",
    "KPlugin": {
        "Authors": [
            {
                "Email": "rivolaks@hot.ee, vlad.zahorodnii@kde.org",
                "Name": "Rivo Laks, Vlad Zahorodnii",
                "Name[ar]": "ريفو لاكس، فلاد زاهورودني",
                "Name[be]": "Rivo Laks, Vlad Zahorodnii",
                "Name[bg]": "Rivo Laks, Vlad Zahorodnii",
                "Name[ca@valencia]": "Rivo Laks, Vlad Zahorodnii",
                "Name[ca]": "Rivo Laks, Vlad Zahorodnii",
                "Name[cs]": "Rivo Laks, Vlad Zahorodnii",
                "Name[de]": "Rivo Laks, Vlad Zahorodnii",
                "Name[en_GB]": "Rivo Laks, Vlad Zahorodnii",
                "Name[eo]": "Rivo Laks, Vlad Zahorodnii",
                "Name[es]": "Rivo Laks, Vlad Zahorodnii",
                "Name[et]": "Rivo Laks, Vlad Zahorodnii",
                "Name[eu]": "Rivo Laks, Vlad Zahorodnii",
                "Name[fi]": "Rivo Laks, Vlad Zahorodnii",
                "Name[fr]": "Rivo Laks, Vlad Zahorodnii",
                "Name[gl]": "Rivo Laks e Vlad Zahorodnii.",
                "Name[he]": "ריבו לאקס, ולאד זוהורוני",
                "Name[hu]": "Rivo Laks, Vlad Zahorodnii",
                "Name[ia]": "Rivo Laks, Vlad Zahorodnii",
                "Name[is]": "Rivo Laks, Vlad Zahorodnii",
                "Name[it]": "Rivo Laks, Vlad Zahorodnii",
                "Name[ja]": "Rivo Laks, Vlad Zahorodnii",
                "Name[ka]": "Vlad Zahorodnii",
                "Name[ko]": "Rivo Laks, Vlad Zahorodnii",
                "Name[lt]": "Rivo Laks, Vlad Zahorodnii",
                "Name[nl]": "Rivo Laks, Vlad Zahorodnii",
                "Name[nn]": "Rivo Laks, Vlad Zahorodnii",
                "Name[pl]": "Rivo Laks, Vlad Zahorodnii",
                "Name[pt]": "Rivo Laks, Vlad Zahorodnii",
                "Name[ro]": "Rivo Laks, Vlad Zahorodnii",
                "Name[ru]": "Rivo Laks, Влад Загородний",
                "Name[sk]": "Rivo Laks, Vlad Zahorodnii",
                "Name[sl]": "Rivo Laks, Vlad Zahorodnii",
                "Name[ta]": "ரிவோ லாக்சு, விலாட் ஜாஹொரிடுனி",
                "Name[tr]": "Rivo Laks, Vlad Zahorodnii",
                "Name[uk]": "Rivo Laks, Влад Завгородній",
                "Name[vi]": "Rivo Laks, Vlad Zahorodnii",
                "Name[x-test]": "xxRivo Laks, Vlad Zahorodniixx",
                "Name[zh_CN]": "Rivo Laks, Vlad Zahorodnii",
                "Name[zh_TW]": "Rivo Laks, Vlad Zahorodnii"
            }
        ],
        "Category": "Appearance",
        "Description": "Squash windows when they are minimized",
        "Description[ar]": "تنكمش النوافذ عند تصغيرها",
        "Description[be]": "Сціскаць вокны, калі яны згорнутыя",
        "Description[bg]": "Свиване на прозорците при минимизиране",
        "Description[ca@valencia]": "Amuntega les finestres quan estan minimitzades",
        "Description[ca]": "Amuntega les finestres quan estan minimitzades",
        "Description[de]": "Quetscht Fenster beim Minimieren zusammen",
        "Description[en_GB]": "Squash windows when they are minimised",
        "Description[eo]": "Squash fenestroj kiam ili estas minimumigitaj",
        "Description[es]": "Aplastar las ventanas cuando se minimizan",
        "Description[et]": "Minimeeritud akende taas üleshüpitamine",
        "Description[eu]": "Zanpatu leihoak haiek ikonotzen direnean",
        "Description[fi]": "Litistä pienennettävät ikkunat",
        "Description[fr]": "Déformer les fenêtres lors de leur minimisation",
        "Description[gl]": "Xuntar as xanelas cando estean minimizadas.",
        "Description[he]": "למעוך את החלונות כשהם ממוזערים",
        "Description[hu]": "Összevonja az ablakokat, amikor minimalizálódnak",
        "Description[ia]": "Deforma fenestras durante que illes es minimisate",
        "Description[is]": "Kremja saman glugga þegar þeir eru faldir",
        "Description[it]": "Schiaccia le finestre quando vengono minimizzate",
        "Description[ja]": "最小化されたときウィンドウが縮小します",
        "Description[ka]": "ფანჯრების შეჭყლეტა ჩაკეცვისა დროს",
        "Description[ko]": "창을 최소화할 때 압축시킵니다",
        "Description[lt]": "Sutraiškyti langus, kai jie suskleidžiami",
        "Description[nl]": "Krimp vensters wanneer ze geminimaliseerd zijn",
        "Description[nn]": "Skvis vindauge når dei vert minimerte",
        "Description[pl]": "Ściąga okna przy ich minimalizacji",
        "Description[pt]": "Deformar as janelas quando são minimizadas",
        "Description[ro]": "Strivește ferestrele când sunt minimizate",
        "Description[ru]": "Сжатие окна при сворачивании",
        "Description[sk]": "Stlačenie okien, keď sú minimalizované",
        "Description[sl]": "Skrči okna, ko so pomanjšana",
        "Description[ta]": "சாளரங்களை ஒதுக்கும்போது அவற்றை நசுக்குவது போல் அசைவூட்டும்",
        "Description[tr]": "Pencereler simge durumuna küçültüldüğünde onları tıkıştır",
        "Description[uk]": "Складує вікна, якщо їх мінімізовано",
        "Description[vi]": "Ép nhỏ cửa sổ khi thu nhỏ",
        "Description[x-test]": "xxSquash windows when they are minimizedxx",
        "Description[zh_CN]": "窗口最小化时绘制收缩过渡动画",
        "Description[zh_TW]": "最小化視窗時擠壓它們",
        "EnabledByDefault": false,
        "Icon": "preferences-system-windows-effect-squash",
        "Id": "kinetic_squash",
        "License": "GPL",
        "Name": "Squash (Kinetic)",
        "Name[ar]": "الانكماش (Kinetic)",
        "Name[be]": "Сцісканне (Kinetic)",
        "Name[bg]": "Свиване (Kinetic)",
        "Name[ca@valencia]": "Amuntega (Kinetic)",
        "Name[ca]": "Amuntega (Kinetic)",
        "Name[de]": "Quetschen (Kinetic)",
        "Name[en_GB]": "Squash (Kinetic)",
        "Name[eo]": "Dispremi (Kinetic)",
        "Name[es]": "Aplastar (Kinetic)",
        "Name[et]": "Üleshüpe (Kinetic)",
        "Name[eu]": "Zanpatu (Kinetic)",
        "Name[fi]": "Litistys (Kinetic)",
        "Name[fr]": "Compresser (Kinetic)",
        "Name[gl]": "Xuntar (Kinetic)",
        "Name[he]": "מעיכה (Kinetic)",
        "Name[hu]": "Összevonás (Kinetic)",
        "Name[ia]": "Squash (Kinetic)",
        "Name[is]": "Kremja (Kinetic)",
        "Name[it]": "Schiaccia (Kinetic)",
        "Name[ja]": "縮小 (Kinetic)",
        "Name[ka]": "დაჭმუჭნვა (Kinetic)",
        "Name[ko]": "압축 (Kinetic)",
        "Name[lt]": "Sutraiškymas (Kinetic)",
        "Name[nl]": "Krimpen (Kinetic)",
        "Name[nn]": "Skvis (Kinetic)",
        "Name[pl]": "Ściąganie (Kinetic)",
        "Name[pt]": "Esmagar (Kinetic)",
        "Name[pt_BR]": "Achatar (Kinetic)",
        "Name[ro]": "Strivire (Kinetic)",
        "Name[ru]": "Сжатие (Kinetic)",
        "Name[sk]": "Stlačiť (Kinetic)",
        "Name[sl]": "Strni (Kinetic)",
        "Name[ta]": "நசுக்கு (Kinetic)",
        "Name[tr]": "Tıkıştır (Kinetic)",
        "Name[uk]": "Складування (Kinetic)",
        "Name[vi]": "Ép nhỏ (Kinetic)",
        "Name[x-test]": "xxSquashxx (Kinetic)",
        "Name[zh_CN]": "最小化过渡动画 (收缩) (Kinetic)",
        "Name[zh_TW]": "壓縮 (Kinetic)"
    },
    "X-KDE-Ordering": 60,
    "X-KWin-Exclusive-Category": "minimize",
    "X-KWin-Video-Url": "https://files.kde.org/plasma/kwin/effect-videos/minimize.ogv",
    "X-Plasma-API": "javascript"
}
