{
    "KPackageStructure": "KWin/Effect",
    "KPlugin": {
        "Authors": [
            {
                "Email": "vlad.zahorodnii@kde.org",
                "Name": "Vlad Zahorodnii",
                "Name[ar]": "فلاد زاهورودني",
                "Name[az]": "Vlad Zahorodnii",
                "Name[be]": "Vlad Zahorodnii",
                "Name[bg]": "Vlad Zahorodnii",
                "Name[ca@valencia]": "Vlad Zahorodnii",
                "Name[ca]": "Vlad Zahorodnii",
                "Name[cs]": "Vlad Zahorodnii",
                "Name[de]": "Vlad Zahorodnii",
                "Name[en_GB]": "Vlad Zahorodnii",
                "Name[eo]": "Vlad Zahorodnii",
                "Name[es]": "Vlad Zahorodnii",
                "Name[et]": "Vlad Zahorodnii",
                "Name[eu]": "Vlad Zahorodnii",
                "Name[fi]": "Vlad Zahorodnii",
                "Name[fr]": "Vlad Zahorodnii",
                "Name[gl]": "Vlad Zahorodnii.",
                "Name[he]": "ולאד זהורודני",
                "Name[hu]": "Vlad Zahorodnii",
                "Name[ia]": "Vlad Zahorodnii",
                "Name[id]": "Vlad Zahorodnii",
                "Name[is]": "Vlad Zahorodnii",
                "Name[it]": "Vlad Zahorodnii",
                "Name[ja]": "Vlad Zahorodnii",
                "Name[ka]": "Vlad Zahorodnii",
                "Name[ko]": "Vlad Zahorodnii",
                "Name[lt]": "Vlad Zahorodnii",
                "Name[nl]": "Vlad Zahorodnii",
                "Name[nn]": "Vlad Zahorodnii",
                "Name[pl]": "Vlad Zahorodnii",
                "Name[pt]": "Vlad Zahorodnii",
                "Name[pt_BR]": "Vlad Zahorodnii",
                "Name[ro]": "Vlad Zahorodnii",
                "Name[ru]": "Влад Загородний",
                "Name[sk]": "Vlad Zahorodnii",
                "Name[sl]": "Vlad Zahorodnii",
                "Name[sv]": "Vlad Zahorodnii",
                "Name[ta]": "விலாட் ஜாஹொரிடுனி",
                "Name[tr]": "Vlad Zahorodnii",
                "Name[uk]": "Влад Загородній",
                "Name[vi]": "Vlad Zahorodnii",
                "Name[x-test]": "xxVlad Zahorodniixx",
                "Name[zh_CN]": "Vlad Zahorodnii",
                "Name[zh_TW]": "Vlad Zahorodnii"
            }
        ],
        "Category": "Appearance",
        "Description": "Make popups smoothly fade in and out when they are shown or hidden",
        "Description[ar]": "اجعل النوافذ المنبثقة تظهر وتتلاشى بنعومة عند إظهاراها وإخفائها",
        "Description[be]": "Плаўнае згасанне або з'яўленне выплыўных акон",
        "Description[bg]": "Постепенно избледняване при показване и скриване на изскачащите прозорци",
        "Description[ca@valencia]": "Fa que els missatges emergents s'encengen o s'apaguen de manera gradual quan es mostren o s'oculten",
        "Description[ca]": "Fa que els missatges emergents s'encenguin o s'apaguin de manera gradual quan es mostren o s'oculten",
        "Description[cs]": "Nechá vyskakovací okna plynule zmizet/objevit se, pokud jsou zobrazeny resp. skryty",
        "Description[de]": "Blendet Aufklappfenster beim Öffnen/Schließen langsam ein bzw. aus",
        "Description[en_GB]": "Make popups smoothly fade in and out when they are shown or hidden",
        "Description[eo]": "Fari ŝprucfenestrojn glate mal- kaj fordissolvi kiam ili estas montritaj aŭ kaŝitaj",
        "Description[es]": "Hacer que las ventanas emergentes se desvanezcan y reaparezcan suavemente al mostrarlas y al ocultarlas",
        "Description[et]": "Paneb hüpikaknad sujuvalt hääbuma või tugevnema, kui need peidetakse või nähtavale tuuakse",
        "Description[eu]": "Gainerakorrak emeki koloregabetu/koloretu haiek erakustean edo ezkutatzean",
        "Description[fi]": "Häivyttää ponnahdusikkunat pehmeästi näytölle tai näytöltä",
        "Description[fr]": "Faire un fondu enchaîné avant ou arrière des infobulles lorsqu'elles sont affichées ou masquées",
        "Description[gl]": "Esvae e fai opacas as xanelas emerxentes con suavidade ao mostralas ou agochadas.",
        "Description[he]": "לגרום לחלוניות צצות להתעמעם פנימה או החוצה בצורה חלקה כשהם מופיעים או מוסתרים",
        "Description[hu]": "A felugrók folyamatosan áttűnő módon lesznek elrejtve és megjelenítve",
        "Description[ia]": "Face que fenestras pote dulcemente pallidir intra e foras quando illos es monstrate o celate",
        "Description[is]": "Láta sprettiglugga birtast og hverfa mjúklega þegar þeir eru opnaðir eða faldir",
        "Description[it]": "Fai dissolvere e comparire gradualmente le finestre a comparsa quando vengono mostrate o nascoste",
        "Description[ja]": "ポップアップが表示/非表示時にフェードします",
        "Description[ka]": "მხტუნარების რბილი მინავლება და გამოჩენა, როცა ისინი იმალება ან გამოჩნდებიან",
        "Description[ko]": "팝업이 보여지거나 감춰질 때 부드러운 페이드 인/아웃을 사용합니다",
        "Description[lt]": "Padaryti, kad iškylantieji langai glotniai laipsniškai atsirastų ir išnyktų, kai yra rodomi ar slepiami",
        "Description[nl]": "Laat pop-ups vloeiend opkomen/vervagen als ze worden weergegeven of verborgen",
        "Description[nn]": "Ton sprettoppvindauge gradvis inn og ut når dei vert viste eller gøymde",
        "Description[pl]": "Okna wysuwne gładko wyłaniają się przy otwieraniu i zanikają przy zamykaniu",
        "Description[pt]": "Faz com que as janelas modais apareçam e desapareçam suavemente quando são apresentadas ou escondidas",
        "Description[ro]": "Face indiciile să se (de)coloreze când sunt arătate sau ascunse",
        "Description[ru]": "Всплывающие окна при закрытии будут становиться всё более прозрачными, а потом совсем исчезать",
        "Description[sk]": "Plynulé objavovanie a miznutie vyskakovacích okien pri ich zobrazení alebo skrytí",
        "Description[sl]": "Modalna okna naj se gladko odtemnijo oz. zatemnijo, kadar se prikažejo ali skrijejo",
        "Description[ta]": "தெரித்தெழும் சாளரங்கள் காட்டப்படும்போது படிப்படியாக ஒளிகூடி மறைக்கப்படும்போது மங்கி செல்லும்",
        "Description[tr]": "Açılır pencereler gösterilirken veya gizlenirken pürüzsüzce geçiş yapmalarını sağlar",
        "Description[uk]": "Поступова поява або зникнення контекстних вікон вікон при відкритті чи закритті",
        "Description[vi]": "Làm ô bật lên hiện dần và mờ dần một cách êm dịu khi chúng hiện ra và biến mất",
        "Description[x-test]": "xxMake popups smoothly fade in and out when they are shown or hiddenxx",
        "Description[zh_CN]": "气泡信息显示/隐藏时呈现渐入渐出过渡动画",
        "Description[zh_TW]": "讓彈出視窗在顯示或隱藏的時候平滑地淡入或淡出",
        "EnabledByDefault": false,
        "Icon": "preferences-system-windows-effect-fadingpopups",
        "Id": "kinetic_fadingpopups",
        "License": "GPL",
        "Name": "Fading Popups (Kinetic)",
        "Name[ar]": "تتلاشى النوافذ المنبثقة (Kinetic)",
        "Name[be]": "Згасанне выплыўных акон (Kinetic)",
        "Name[bg]": "Избледняващи  изскачащи прозорци (Kinetic)",
        "Name[ca@valencia]": "Missatges emergents esvaïts (Kinetic)",
        "Name[ca]": "Missatges emergents esvaïts (Kinetic)",
        "Name[cs]": "Mizející vyskakovací okna (Kinetic)",
        "Name[de]": "Überblendete Aufklappfenster (Kinetic)",
        "Name[en_GB]": "Fading Popups (Kinetic)",
        "Name[eo]": "Fading Popups (Kinetic)",
        "Name[es]": "Desvanecer ventanas emergentes (Kinetic)",
        "Name[et]": "Hääbuvad hüpikdialoogid (Kinetic)",
        "Name[eu]": "Itzaleztatzen diren gainerakorrak (Kinetic)",
        "Name[fi]": "Ponnahdusikkunoiden häivytys (Kinetic)",
        "Name[fr]": "Atténuation des infobulles (Kinetic)",
        "Name[gl]": "Xanelas emerxentes que esvaen (Kinetic)",
        "Name[he]": "חלונית צצות דועכות (Kinetic)",
        "Name[hu]": "Áttűnő felugrók (Kinetic)",
        "Name[ia]": "Popups dissolvente (Kinetic)",
        "Name[is]": "Dofnandi sprettigluggar (Kinetic)",
        "Name[it]": "Finestre a comparsa che si dissolvono (Kinetic)",
        "Name[ja]": "フェードするポップアップ (Kinetic)",
        "Name[ka]": "მინავლებადი მხტუნარები (Kinetic)",
        "Name[ko]": "페이드 팝업 (Kinetic)",
        "Name[lt]": "Laipsniškai išnykstantys ir atsirandantys iškylantieji langai (Kinetic)",
        "Name[nl]": "Vervagende pop-ups (Kinetic)",
        "Name[nn]": "Inn- og uttoning av sprettoppvindauge (Kinetic)",
        "Name[pl]": "Zanikanie okien wysuwnych (Kinetic)",
        "Name[pt]": "Janelas a Desvanecer (Kinetic)",
        "Name[pt_BR]": "Desvanecer mensagens (Kinetic)",
        "Name[ro]": "Indicii estompate (Kinetic)",
        "Name[ru]": "Растворяющиеся всплывающие окна (Kinetic)",
        "Name[sk]": "Miznúce vyskakovacie okná (Kinetic)",
        "Name[sl]": "Prelivni pojavni gradniki (Kinetic)",
        "Name[ta]": "தெரித்தெழும் சாளரங்கள் மங்கும் (Kinetic)",
        "Name[tr]": "Solan Açılır Pencereler (Kinetic)",
        "Name[uk]": "Інтерактивні контекстні панелі (Kinetic)",
        "Name[vi]": "Ô bật lên ngả màu (Kinetic)",
        "Name[x-test]": "xxFading Popupsxx (Kinetic)",
        "Name[zh_CN]": "气泡显隐渐变动画 (Kinetic)",
        "Name[zh_TW]": "淡化彈出視窗 (Kinetic)"
    },
    "X-KDE-Ordering": 60,
    "X-Plasma-API": "javascript"
}
